ogr_DogID,foodtype,exercisetype,status
20446,iams naturalistic,walking  playing with toys,0.0
20423,wolf king,walks with some short jogging stints,0.0
20420,iams,walking on leash  running free in fenced back yard  indoor play with balls and tug toys,0.0
20340,ian s smart puppy,walking  tugging  other dogs,0.0
20328,science diet puppy,walking and playing with other dog in home,0.0
20303,science diet healthy development,we go to the dog park with otto ,0.0
20301,low residue,walks on leash  free play with my other dogs inside and outside in fence in yard,0.0
20248,iams,fetch  walking  playing with dogs,0.0
20211,iams,lots of fetch  playing with other dogs  walks,0.0
20208,iams,walks  runs with dogs or on long line,0.0
20205,science diet,running in fenced in yard  walks  playing with cousin pups,0.0
20201,science diet puppy large breed,walking and running playing off leash in fenced yard ,0.0
20199,iams smart puppy,runs around the house and yard  supervised ,0.0
20190,science diet blue buffalo,walking  a few min of running when he initiates it  stair climbing,0.0
20189,imas,running  active play throughout day,0.0
20189,imas,running  active play throughout day,0.0
20188,iams puppy,walking ball chasing,0.0
20177,canidea lamb grain free,walks play with other dogs,0.0
20142,for health   puppy,walk  fetch  run  play,0.0
20135,science diet,daily walks  plays in back yard,0.0
20099,science diet large puppy,walking and playing with jasmine,0.0
20072,none  still on bland diet ,walking,0.0
20060,iams puppy,walk follow me,0.0
20059,iams,playing with kids,0.0
20058,iams low res,running  dog play,0.0
20043,iams    mo  chicken puppy food,outdoor walks    min   backyardplay       min   indoor toy play        minutes  throughout the day,0.0
20017,iams,walks  training  play in yard,0.0
20017,iams,walks  swimming  fenced in yard,0.0
20016,california naturals chicken & brown rice,walking,0.0
20014,fromm s large breed puppy,walks & dog pack play,0.0
19984,iams lamb & rice,walks  frisbee or ball  water pond,0.0
19984,iams puppy,walks in town and woods and plays with our other two labs   some evenings we also go to a pond   yani is a water lover ,0.0
19980,iams adult large breed,  mile walks in a m   afternoon walks rides in car to metro school events ,0.0
19980,iams large puppy,  quarter mile walks day and playtime in fenced yard with family dog for    min ,0.0
19966,iams  proactive health  adult,walking     fetching,0.0
19965,iams large breed chicken and rice,walking outdoor play,0.0
19963,iams,playing inside and outside with family and family pets  including fetching  walking  running within fenced yard ,0.0
19946,iams,plays fetch  plays with dogs  walks,0.0
19931,science diet puppy,walks on leash and plays with our dog,0.0
19931,iams lamb rice,walks  hikes  playing in fenced yard with our dog  ball chasing,0.0
19899,iams,walks  tug  fetch  swimming  not recently   hiking  jumping on rocks,0.0
19899,iams smart puppy,walk  ball play some tug,0.0
19899,iams,walks  tug  fetch  swimming  not recently   hiking  jumping on rocks,0.0
19899,iams smart puppy,walk  ball play some tug,0.0
19898,iams puppy,walks and ball,0.0
19898,iams,walking and playing,0.0
19895,iams,fetch and walks  outside free play,0.0
19891,iams  puppy,walks daily and plays with the house dog ,0.0
19889,health extensions,walks  play with other house dog,0.0
19889,hills science diet   puppy,  daily walks  free play with family pet in outdoor fenced area,0.0
19872,iams adult,walks  running in yard  active play with other dogs ,0.0
19872,iams,playing with older dog  wrestling  chase  toys   tug  walks,0.0
19866,iams healthy puppy,walking am & pm,0.0
19866,iams lamb & rice,walking  fetch,0.0
19862,iams smart puppy large breed,walks  plays with dogs  fetch  swimming,0.0
19861,iams,walking  playing ball,0.0
19861,purina pro plan,walking,0.0
19857,iams puppy  chicken and rice mixed,walks  play,0.0
19857,science diet large breed puppy,walk ,0.0
19854,hills science diet,walks  play with other geb pups  long leash  yard toys,0.0
19854,iams lamb and rice,long walks  fetch  geb dogs play  outside play,0.0
19853,fromm puppy,walking  playing with my dog,0.0
19853,iams lamb and rice,walking  playing ball,0.0
19851,merrick,walking  playing  hiking,0.0
19851,merrick,walking  playing,0.0
19849,science diet,walking playing training,0.0
19800,costco kirklands adult,fetch  walks  play with other dogs  swimming,0.0
19800,costo kirkland puppy,play with neighbor dogs  fetch with soccer and tennis balls  training walks,0.0
19797,kirkland lamb and rice,walks  occasional play with another dog,0.0
19797,science diet,walks  run in enclosed space  play with other dogs,0.0
19797,kirkland adult,walks  loose leash walks  running off leash in enclosed areas  swimming,0.0
19792,iams,walks,0.0
19785,iams,walking  biking  fetch,0.0
19785,science diet,walking  running  fetching ,0.0
19777,science diet,walking  fetch,0.0
19777,iams,running  fetch  walking,0.0
19772,puppy chow,walking playing with a ball,0.0
19772,iams,walking  swimming  fetch,0.0
19770,science diet,play ball  tug  walk,0.0
19770,science diet,walks  fetch  tug,0.0
19748,hill s large breed puppy,walks  play in the yard,0.0
19748,canidae,walks  fetch play in yard,0.0
19721,blue buffalo,walking  running & playing,0.0
19721,iams,running  walking  playing,0.0
19690,iams,walking,0.0
19690,iams large breed puppy food,walking  yard   stairs,0.0
19687, health,walks  fetch,0.0
19687,fromm,jogging  fetch  puppy play dates,0.0
19684,iams proactive health  smart puppy large breed,backyard running and ball fetching,0.0
19684,iams,playing  chasing balls  toys  walks,0.0
19683,science diet,yard running w  our dog,0.0
19683,iams  lamb & rice,walk runn chase fetch,0.0
19678,iams,walks playing in yard,0.0
19678,iams chicken,walks playing in yard,0.0
19677,iams smart puppy,walk to either main st   around boces parking lot  or plays with toys ,0.0
19677,iams minichunks,walks  fetch  tug,0.0
19677,iam,walks  mall walks  backyard fetch  playdates,0.0
19652,iams lamb and rice,walking  fetch,0.0
19652,iams puppy,walk play,0.0
19643,iams,walking training puppy play dates playing ball,0.0
19643,iams,walking playing ball training sometime get over excited especially when getting up in the morning,0.0
19643,iams lamb rice,walking ball endurance,0.0
19632,iams,walkling playing,0.0
19632,iams puppy,walking observing world,0.0
19632,iams,walks  play  other dog,0.0
19630,  health lamb and rice,playing ball  frisbee  walks,0.0
19630,  health puppy,plays in fenced yard  walks  snow frisbee,0.0
19630,  health salmon and potato,daily walks  fetch,0.0
19619,kirkland natures domain  grain free ,longlong walks  jogging  occasional play dates  fetches,0.0
19619,kirkland natures domain  grain free ,walking jogging swimming fetching tug of war,0.0
19619,kirkland nature s domain,walking jogging  swimming  fetching  tug of war,0.0
19573,science diet,walks  outtings  and playing ball ,0.0
19573,science diet puppy,fetch  walks  inside play  x day tug,0.0
19573,iams,walks  play  human dog ,0.0
19570,iams adult large breed,walking and playing   fetching toys ,0.0
19570,iams lamb & rice,walking  playing with other dogs  running in the bda,0.0
19568,hills science diet large breed puppy,short walks  playing in snow,0.0
19568,hill s science diet,walks,0.0
19568,hill s science diet large breed adult,walks  back yard and indoor play,0.0
19566,science diet chicken adult,walk  play ball  play tug,0.0
19566,science diet  large breed puppy chicken,walking  chase & retrieve  ball  play tug,0.0
19566,iams lamb and rice,walks  puppy play,0.0
19562,iams lamb & rice,walks outside  runs plays in enclosed porch,0.0
19562,iams lamb & rice,walking running playing stairs,0.0
19562,iams  lamb & rice,walking   outside play,0.0
19552,iams large breed puppy chow,at least       mile walks a day  plus fetch inside,0.0
19548,iams,tug  fetch  walks  rough housing  helping with energy management ,0.0
19548,iams,walks  tug of war  fetch  keeper in the middle,0.0
19537,iams lamb & rice,yard play  walking  tug games ,0.0
19537,iams puppy food,walks  playing with toys  balls  etc ,0.0
19537,iams lamb & rice,walks  hikes  outdoor fetch  playing with other dogs outside ,0.0
19536,iams,two walks most days of       min  daily play time with my dogs  play dates with other geb dogs about once a week  trips to other places    to   times per week,0.0
19536,iams,short and longer walks  visits to training sites  play sessions  supervised ,0.0
19536,low res to canidae,short walks  play time with me  play time with my dogs ,0.0
19535,taste of the wild grain free,walking  outings,0.0
19535,iams low residue,outdoor on     lead  indoor toys  walks,0.0
19535,taste of the wild grain free,walking,0.0
19533,iams puppy,play time with other dog,0.0
19530,iams, walk per day  except when too cold,0.0
19530,iams,walk &  running around the yard,0.0
19530,iams,walking  running  hiking,0.0
19521,iams puppy       mo formula ,walking hiking,0.0
19521,iams puppy       mo formula ,walks  catching frisbees  chasing after tennis balls or playing with our other dog,0.0
19521,natures variety,lots of walks and play time,0.0
19517,iams,walking  playing,0.0
19517,iams,walking  running  fetching,0.0
19517,iams,walks and playing in fenced in backyard,0.0
19517,iams,walks  runs  playing,0.0
19505,iams lamb and rice,walking  playing in yard,0.0
19505,iams,walking,0.0
19498,iams puppy chow,walking  retrieving balls  beach,0.0
19498,iams puppy chow,walking  playing,0.0
19498,iams lamb and rice,walk  run  swim,0.0
19489,iams,long line walks  fetch  swimming,0.0
19489,iams puppy, walk  fetch  play,0.0
19489,iams,walks  fetch  water play,0.0
19483,half low res hills  half iams puppy,walks x  per day  play with    year old lab that lives in home,0.0
19483,purina,walk  play ball,0.0
19483,purina,walking  playing in fenced in park on slides etc ,0.0
19475,chicken soup for the soul,walking and back yard,0.0
19475,chicken soup puppy and iams,walk  play in fenced yard,0.0
19473,iiams adult minichunks,  mile work once a day  run play in fenced in area  x day,0.0
19473,iams puppy chow,walking       minutes in the morning     minute walk in afternoon  play exercise outside twice a day for       minutes  energetic run in fenced in area once a day for    minutes  weekly playdate with other geb pups,0.0
19471,iams smart puppy,walking on street,0.0
19471,iams lamb and rice,walks  chase ball  play with other dogs,0.0
19471,canidae lamb and rice,walking  running on beach  retrieving ball,0.0
19445,blue seal adult,walks fetch swimming,0.0
19445,iams puppy,walking   playing in fenced area,0.0
19445,blue seal,walking  playing ball  tug of war,0.0
19440,kirkland signature lamb,play time walks,0.0
19440,nature s recipe pure essentials,walking toy play play dates,0.0
19440,iams puppy chow,long walks  play time and puppy dates ,0.0
19418,iams adult dog food  lamb and rice ,walking  play with dog  play fetch with toys,0.0
19418,iams adult dog food,walking  fetching ball for play  swimming  play with other dogs,0.0
19418,iams puppy chow,running  walking  fetch and ball play,0.0
19409,low res transitioning to iams puppy chow,back yard romps frolicking with our own lab and walks,0.0
19409,purina one,backyard  walking,0.0
19409,iams lamb & rice,walking & fetch,0.0
19403,iams puppy,walks  playing in my large fenced yard,0.0
19403,iams,walks  fetch  outings  plays with other family and friends dogs,0.0
19403,iams adult,plays in yard  fetch and with other dogs nicely ,0.0
19396,iams,walking  ball playing,0.0
19396,iams,walking,0.0
19396,iams puppy,vanda gets a good amount anywhere from      short walks a day plus usually one outing lasting         minutes,0.0
19361,iams,very energetic after swimming! also leash walks and fetch,0.0
19361,iams,walks  fetch  tug of war  occasional hike  name response,0.0
19360,imas lamb and rice,walks  play with ball  frisbee  toys and other dogs,0.0
19360,iams lamb and rince,walking  training  play ball in back yard  play with other dog,0.0
19360,iams puppy,walks  fetch  tug  dog dog play,0.0
19357,iams,fetch  running  walks,0.0
19357,iams,fetch  plays with other dogs,0.0
19357,iams,fetch  walks  running,0.0
19356,iams adult lamb and rice,walks  fetches  hikes  swam once,0.0
19356,iams,chase ball  walks  hikes  gentle tug,0.0
19356,iams lamb and rice adult,walk hike  ball toss fetch frisbee  gentle tug,0.0
19353,iams puppy,walks  tug  fetch  other dogs,0.0
19353,euka nuva large breed puppy food,walks  indoor play  outdoor play  training,0.0
19353,nutromax,walking  playing,0.0
19342,iams puppy chow,plays with my other dogs  ball  walks at the rec,0.0
19342,great life duck,  play dates a week  daily frisbee chasing  walks,0.0
19342,evangers fish and sweet pot until july  ,walks  outings  frisbee,0.0
19337,iams,walks     miles per day  play in yard on long leash  practices on stairs,0.0
19337,iams,walks  ball  tug,0.0
19337,iams,walks  ball toss,0.0
19336,iams,walk  chase  tug,0.0
19336,iams smart puppy,walk  play,0.0
19336,rams green  chicken ,very low energy compared to other dogs i have raised ,0.0
19333,transitioning to iams lamb from iams puppy,walking chasing ball sometimes puppy playgroup,0.0
19333,iams chicken,walking    miles  frisbee  ball,0.0
19333,iams chicken,walking  frisbee  ball playing,0.0
19333,iams  green bag  main ingredient chicken seems to agree better than lamb and rice,walking     miles day  ball and frisbee  and tug of war,0.0
19332,iams,walking and playing,0.0
19332,iams puppy,i enjoy nalani tremendously  she is a good fit for our lifestyle   nalani entertains herself with her comfort toys and bones when she wakes up in her crate and waits patiently for us to get up and or let her out   she is walking very well on the lead  las,0.0
19332,iams,walking  playing,0.0
19311,iams puppy,play  chasing a ball  walking,0.0
19311,iams smart puppy large breed,walking,0.0
19311,iams,walk  run  ball,0.0
19309,    low residue      iams puppy,neighborhood walks     times daily  excursions   times weekly,0.0
19309,iams adult chunks,daily walks,0.0
19308,low residue   iams & iams puppy chow,walking & playing,0.0
19308,iams lamb & rice,walking,0.0
19308,iams lamb & rice,walking  + miles a day,0.0
19304,purina puppy  chow,walks  play with other dogs,0.0
19300,iam s low residue blue buffalo puppy chow,walking  x day ,0.0
19300,blue buffalo,walking,0.0
19300,blue buffalo,    walks per day  longest about       miles ,0.0
19270,iams puppy chow,several walks daily  occasional run in back yard,0.0
19264,science diet lamb and rice,walks  play,0.0
19264,science diet,daily walk and play time in house,0.0
19264,science diet lamb and rice,walks at least daily  running in fenced yard,0.0
19262,iams,walking running hiking,0.0
19262,iams,walks  hikes and runs at the park,0.0
19256,iams,high energy  running  fetching  play w  other dogs,0.0
19256,iams,walks  fetch,0.0
19250,iams adult,walking running,0.0
19250,iams low res iams puppy chow,dog walks,0.0
19250,rams adult lamb & rice,mainly walking      miles day,0.0
19244,iams adult,walks  romping in fenced in yard with other family dogs,0.0
19244,iams puppy,daily walks  running in backyard with other dogs,0.0
19243,iams,short walks,0.0
19243,iams,walking  fetch,0.0
19243,iams,walk  frisbee,0.0
19229,iams,play rope outside in morning apprx    min   he comes to work with me everyday   we walk at lunch a minimum of         mins   walks at night with us  does a lot of walking at work  weekends he gets more exercise,0.0
19229,iams,walk  ball  retrieve  tug of war  run around yard,0.0
19229,iam,walk  ball  retrieve  tug of war  run around yard,0.0
19197,iams lamb and rice,fetch  walks  running in back yard,0.0
19197,iams lamb and rice,walks  runs  fetch,0.0
19172,iams large breed,walks  running on a long line  playing with other dogs,0.0
19154,diamond,walking  retrieving  playing with dogs kids,0.0
19154,diamond,just walking,0.0
19150,blue buffalo,fetch in the yard  walking,0.0
19150,blue buffalo,walking running for fetch,0.0
19134,iams,playing with the frisbee  walking on the street  and our outings once a day,0.0
19125,kibbles n bits,playing  running,0.0
19116,iams,walks  ball frisbee playing  playing with other dogs,0.0
19116,iams,walking  retrieving  playing with our other dogs,0.0
19110,iams,walks and plays fetch with toys,0.0
19110,iams lamb and rice,walks  runs  and fetch with toys,0.0
19108,iams,walking soccer play dates,1.0
19108,iams,play dates & walks,1.0
19106,iams,walks  chase and retrieve ball,0.0
19106,iams,walks  chase and retrieve ball,0.0
19064,iams dog food,two walks a day and frisbee play,1.0
19064,iams,walks and frisbee,1.0
19024,hills pet nutrition,walking  playing in yard,0.0
19024,hill s pet nutrition,walks and playing outside,0.0
19001,iam s lamb and rice,walks and fetch and go run,0.0
19001,iam s,walking  playing  running,0.0
19000,u s  grain s regal active bites,tug o war  plays with other family dogs and walks,0.0
19000,u s  grain s regal active bites  all natural dog food ,tug  chase balls or other dogs in yard  walks,0.0
18995,eukanuba,walking running playing,0.0
18995,eukanuba excel,walking  hiking  playing  swimming,0.0
18985,iams,walks  fetch  playing with other dogs,0.0
18985,iams,walks  fetch  playing with other dogs,0.0
18984,california natural lamb & rice,walks  toys tug of war  puppy playdates,0.0
18984,california natural grain free lamb,puppy play  h      times per week        min walks each day     h hikes or socialization adventure  metro to smithsonian or shops  each weekend ,0.0
18970,iams,fetch and walking,0.0
18970,iams lamb and rice,fetch and going for walks,0.0
18966,fromm adult gold,walks and retrieving balls,1.0
18966,fromm adult gold,walks and long line in fields,1.0
18963,nutrisource chicken and rice,running  swimming  fetch  training  exposures,1.0
18910,iams,fetch and walks,0.0
18910,iams,walking and fetch,0.0
18910,iams puppy chow,walk  play with dogs  play toys,0.0
18907,iams lamb and rice,walking  playing with my other dog,1.0
18898,iams puppy smart health,walking   miles per day and plays in the back yard most days,0.0
18898,iams large breed,daily walks & playing in back yard,0.0
18891,iams,walks  runs in backyard  much playtime,0.0
18891,iams,plays in backyard with family dog,0.0
18888,imas,walk  puppy play ball,1.0
18887,purina pro plan large breed formula,walking  slow jogging  playing with toys with me and playing with mellow lab,0.0
18876,iams puppy chow,walks runs plays,0.0
18876,iams,walking  running  swimming when warm enough,0.0
18873,natural balance limited ingredent,walking in stores  playing with humans,0.0
18872,iams puppy chow,daily walks  plays with our dogs and kids,0.0
18872,iams mini chunck,frequent walks  plays with other dogs indoors and out,0.0
18871,iams,mostly play with people  walks often  sometimes plays with other dogs,0.0
18867,hills science,walking  running,0.0
18867,hills science puppy,running around at park  chasing ball  follow me,0.0
18864,iams weight control,walks,1.0
18864,iams puppy,walks playing in yard with other dogs and play with kids,1.0
18863,iams adult lamb and rice,walking  playing tugs with other dog  play groups  errands,0.0
18862,iams healthy naturals,before secret went into heat  we d go on   long walks practically every day  we d go to a friend s fenced in backyard  x week and secret would run w manny and   other dogs  we would play catch in our backyard on the long leashseveral times week now it s t,0.0
18853,iams,jogging  ball frisbee play  walking,1.0
18853,iams,jog     mi  day & play exercise,1.0
18846,i am,daily walk  play outside  play inside,0.0
18845,iams proactive health lamb and rice,walks  playing with other dogs  fetch,1.0
18845,iams puppy chow,walks  playing with other dogs,1.0
18812,iams puppy chow,walks  playing with other dogs  playing with people in the house ,1.0
18812,iams lamb and rice,walks  puppy play  fetch,1.0
18806,iams low residue and iams smart puppy,chases toy on tennis court every day   x daily walks  food puzzle toy every morning,0.0
18804,nutro,walks  fetch  playing with our other dog,0.0
18804,nutro natural choice,walks house play play with family dog,0.0
18791,iams puppy food,plays fetch and walk,0.0
18791,iams,two walks a day,0.0
18610,purina lamb and rice formula,walking  running,1.0
18610,iams lamb and rice,walking  playing,1.0
18610,purina lamb and rice formula,walking  running,1.0
18610,iams lamb and rice,walking  playing,1.0
18557,iams puppy chow  ?,running walks playing toys ,0.0
18557,iams rice and lamb,daily walks play with and with out other dogs,0.0
18549,earthborn coastal grain free mixed with natural balance alpha dog lamb,  mile walks  daily running horse play with other dogs in fenced in yard  outings,1.0
18549,taste of wild puppy   bison,free exercise in fenced in yard with   other dogs  plus normal dog play indoors,1.0
18546,purina one,walk  fetch  tug  running around lawn,0.0
18546,purina puppy chow,walks  long line in field  tug of war  fetch,0.0
18540,iams puppy chow,walking and playing,0.0
18540,iams adult large breed   green bag,mostly long walks  some play date runs with another puppy  some swimming for short periods during long walks ,0.0
18530,iams puppy chow,walking and exercising   training,0.0
18530,iams,walking  training  sidewalks  cross walks,0.0
18528,iams,walking  fetch  play dates,0.0
18528,iams,walking  running  jumping,0.0
18525,iams puppy chow,short walks  ball play,0.0
18525,purina one,walks  playtime,0.0
18518,science diet puppy for regular sized dogs,runs around in the back yard with us there playing with a standard poodle  daily walks to neighbors and mail box ,1.0
18518,science diet small bite lamb and rice,walks and plays in yard with poddle,1.0
18498,iams,backyard play with my pet dog  walks,1.0
18497,iams lamb and rice,she plays with other dogs daily and is always the leader of play  she lives on a college campus so is always moving around,1.0
18497,iams lamb and rice,walks stairs around campus etc,1.0
18495,iams puppy,walking light jogging playing fetch indoors,0.0
18495,purina pro plan large breed,runing  playing  walking,0.0
18494,iams puppy,fetch  walks  tug ,0.0
18494,taste of the wild,walk  swim  fetch  play w other dogs,0.0
18485,jeni s homemade,playing with our other dog  playing with us  walks  playing in the backyard,1.0
18472,iams,walk and play,0.0
18472,iams,walks and play,0.0
18472,iams,        hour daily pack walk  backyard playtime,0.0
18469,iams,walks training playing,0.0
18469,iams,walks  plays fetch  plays outside,0.0
18430,pedigree puppy,lots !  of energy ,0.0
18430,iams lamb and rice,walking  toy playing  other dogs,0.0
18429,canidae   lg brd puppy,walking and ball play on occasion,0.0
18429,natural balance,walks  short runs  playing on long leash  hikes,0.0
18409,iams,outdoor walking and play  also  indoor play ,0.0
18409,iams and pedigree,walking and playing on long leash,0.0
18343,iams   puppy food,walks  play fetch  play dates ,1.0
18341,iams,playing in fenced yard  tugging  playing with our other dog  walks,0.0
18341,iams,playing with toys  running around outside on long lead  chasing balls,0.0
18336,iam s puppy chow,walks  running and chasing toys,1.0
18336,blue mt chick rice weight control,walks  fetch  run in yard,1.0
18168,iams large breed proactive health,walks  play time in yard,1.0
18168,iams puppy chow,walks  backyard play,1.0
18061,iams,fetch  walks  running around yard,1.0
18061,iams puppy chow,walks  playing ball  and running aroud the yard,1.0
18059,iams,walks  tug of war  hide and seek,1.0
18059,iams,walks   romps in snow  friendly play with other dog  lots of tug and hide& seek,1.0
18050,iams,walking free play with my other dog,0.0
18050,iams puppy,walking plays with my   year old dog,0.0
18044,iams,walks running around fenced in area  playing fetch  playing with tug toys  fast walking up and down driveway on leash,0.0
18044,iams puppy chow,walks around village neighborhood  playing in yard  fetch,0.0
18043,iam s smart puppy,walks  fenced backyard fun  tug a war  fetch,1.0
18043,iams,fenced yard  walks  shopping,1.0
18042,iam a proactive health smart puppy,walking  playing on run,1.0
18042,iams adult,walks playing in yard,1.0
18039,iams,walks and play,1.0
18033,iams smart puppy,walking  playing,0.0
18033,iams,play & walks,0.0
18033,iams,walks and running playing in yard,0.0
18031,iams,walks  tug,1.0
18028,iams smart puppy,walks  playing with other dog  likes to fetch balls and toys,1.0
18028,iams,walking  playing  running,1.0
18028,iams,walking  playing,1.0
18025,iams,walking and running with my dog ,0.0
18025,iams smart puppy chow,walking  running  playing with dogs and humans,0.0
17991,iams,walks around neighborhood   daily when weather is good  and indoor outdoor play,0.0
17991,iams,play time and walking,0.0
17989,iams,walks  running around at the park  playing in the backyard with other dogs,0.0
17989,iams puppy,walks  playing in the yard with our other dogs  playing tug of war  fetch  etc,0.0
17978,purina one,tug  walks  play dates  fetch,0.0
17978,purina one,fetch and play dates ,0.0
17972,iams proactive health smart puppy large breed,walk   playing fetch with a toy ball,1.0
17972,iams healthy naturals adult chicken and rice,walking  playing with ball fetch,1.0
17947,iams,walks  tug toys  fetch  play at the beach,1.0
17947,iams,walks  running  tugging play,1.0
17944,iams smart puppy,walking  playing with toys indoors,1.0
17944,iams,fetch  walks  puppy play  tug,1.0
17933,iams puppy adult  i am currently switching him over ,playing with toys and daily walks twice a day,0.0
17933,iams,walking  playing fetch,0.0
17932,iams smart puppy,fetch  running  walks  toys,0.0
17932,iams lamb and rice,walks  playing ,0.0
17932,iams lamb and rice,walks  fetch ,0.0
17926,purina pro plan,walking  running  fetch  other play,0.0
17926,iams puppy,walk  run  fetch  play ball,0.0
17889,iams,plays fetch in the morning for about half an hour  walkes with us while we are outside working  we go to parks or into town at least twice a week for a couple of hours  we sit outside in the evenings and have him fetch his toys and do somemore sits  downs,0.0
17889,iams large breed adult,waks outside when it isn t too cold  fetch in the house  store walks almost every day,0.0
17888,iams,mainly walks through nature trails on a long lead during the day and outings during the evenings,1.0
17888,iams,walks on a long line through nature trails and outings,1.0
17875,iams puppy,  one mile walks per day plus other walking  play time inside and in fenced yard,1.0
17875,iams adult  lamb & rice ,  long walk &   short walk day plus play,1.0
17864,blue seal natural   ,walking playing,1.0
17864,blue seal puppy chow,walking,1.0
17864,blue seal natural   ,walking playing,1.0
17863,iams lamb and rice,walks  fetch  outings,1.0
17863,imas lamb and rice,walking  playing in yard and outings,1.0
17847,iams adult,yard play and walking,0.0
17847,iams,walks  yard play,0.0
17845,iams,walks  swimming and some free exercise,0.0
17845,iam s,walking playing with balls and other toys,0.0
17839,iams,walking  running  playing fetch  playing tug,0.0
17839,iams puppy  transitioning to adult,walking  playing fetch  swimming  tug  playing in the house  playing with other dog,0.0
17839,iams,walking  running  playing fetch  playing tug,0.0
17801,iams low residue and purina puppy chow,play walk training,1.0
17801,purina one,walking playing hiking swimming,1.0
17801,natures balance,running,1.0
17801,iams low residue and purina puppy chow,play walk training,1.0
17801,purina one,walking playing hiking swimming,1.0
17796,purina one beyond lamb & rice,walking  playing tug  fetching sticks ball,1.0
17796,iams adult lamb and rice,walking  playing  fetch  hide seek ,1.0
17796,hills large breed puppy,walks  ball play  toy play  kiddie pool,1.0
17794,iams,walks  ball throwing  running around yard,0.0
17794,iams,walks  play  running in yard,0.0
17794,iams,play  walks  retrieving  kiddie pool,0.0
17787,diamond naturals,walks and playing fetch,1.0
17787,diamond naturals lamb and rice large breed puppy,  walks a day     one mile and   half mile ,1.0
17787,diamond naturals,walks  runs  playing,1.0
17786,iams adult lamb and rice,walks and playtime,1.0
17786,iams puppy,walks and playtime,1.0
17786,iams lamb meal & rice proactive health,      min walks  tug of war  wrestle w dog housemate in yard usually   hour per day broken up throughout the morning and after work,1.0
17778,honest kitchen mornings  taste of the wild evenings,walks  play in backyard,0.0
17778,honest kitchen  taste of the wild,plays with other dog  sometimes outside  and takes daily walks ,0.0
17776,iams lamb & rice,walking& playing,0.0
17776,iams,walking  fetching  playing with toys,0.0
17695,iams lamb and rice,walking  chasing tennis balls  playing with other dog,0.0
17695,iams lamb and rice,walking  playing with other dog,0.0
17695,iams puppy,walking  playing with toys  playing with other dogs,0.0
17680,iams,walking,1.0
17680,iams lamb and rice,walking  running,1.0
17680,iams puppy chow,walks,1.0
17676,mix of iams puppy and kirkland all natural puppy,walks  playing fetch  tug  hide and seek  playing at camp,0.0
17676,iams,walks  playing fetch  tug  hide and seek  playing at camp,0.0
17676,iams,walks  playing in yard  playing with other dog,0.0
17673,iams,walks  play,1.0
17673,iams,walks  play,1.0
17673,iams,supervised walk  free play  interactive play,1.0
17671,purina pro plan puppy chicken,walking playing training up & down stairs,1.0
17671,blue chicken  adult & iams healthy naturals with chicken,walks   miles a day  play time throughout day,1.0
17671,southern states naturals chicken  rice and pearled barley,walk  fetch  play in house,1.0
17670,iams healthy choice dog food, +miles walks daily  plus on leash runs in ballfield,0.0
17670,iams, + miles per day leash walking,0.0
17670,iams smart puppy,outdoor walks  ball catch retrieve,0.0
17669,iams puppy,runs after a ball  plays with toys  my daughter has her runs outside,0.0
17669,iams,running in back yard,0.0
17665,iams,playing with pet dog  walks,0.0
17664,iams puppy,walks  playing fetch  running around,0.0
17664,iams,walks  fetch,0.0
17641,iams proactive health,walking  hiking  swimming  playing fetch & tug,1.0
17641,regal puppy bites,walking  hiking  fetch  water play,1.0
17641,iams lam and rice,walks  play with other dogs and fetch,1.0
17638,iams adult,walking and playing fetch,1.0
17638,iams,walking   fetch,1.0
17638,iams,walks  interactive play with toys  running on long leash,1.0
17635,iams puppy,walks  ball throws,1.0
17549,iams lamb and rice,running in back yard  playing with other dog  playing in the creek  going on long walks,1.0
17549,iams puppy chow,running in the backyard  walks  hiking  playing with other dogs,1.0
17547,iams� proactive health� smart puppy original,walks  fetch  with ball   some running jogging,1.0
17547,iams puppy,daily walks   morning afternoon night  play with toys,1.0
17547,iams,walks  fetch with appropriate toys,1.0
17534,eukanuba large breed puppy,walking  play time with toys and other dog,1.0
17534,iams lamb & rice,walking playing,1.0
17534,iams lamb & rice,walking & running playing,1.0
17533,taste of the wild,walks on outings  runs in the yard,1.0
17533,origin,running around the back yard  going on walks,1.0
17533,wild,walks  playing in the backyard  fetch,1.0
17531,eukanuba low residue,walks,1.0
17507,science diet lamb and rice,walks  chasing frisbee returning,1.0
17507,science diet  puppy,walking  toys,1.0
17504,iams proactive health lamb meal & rice,walk  run  fetch,1.0
17504,iams smart puppy large breed  i just bought some iam s regular smart puppy for treat portion ,can get frantic with leash  doesn t like corrected   will bark  jump at me  bite,1.0
17504,iams proactive health lamb meal & rice,walk  run  fetch,1.0
17498,iams adult,walks  treadmill  fetch,1.0
17498,royal canin large breed puppy,walks  tug of war  fetch,1.0
17498,science diet adult,fetch  walks  playing with the kids,1.0
17497,iams puppy,walking  fetch  and training,1.0
17497,iams lamb and rice,walks  play  fetch,1.0
17497,iams lamb and rice,walks and play,1.0
17495,purina pro plan,puppy play  walks  catch,0.0
17495,iams,brief walks  tug,0.0
17495,purina pro plan,walking  ball chaising,0.0
17495,iams,brief walks  tug,0.0
17495,purina pro plan,puppy play  walks  catch,0.0
17495,purina pro plan,walking  ball chaising,0.0
17485,iams lamb and rice,walks  play inside,0.0
17485,iams lamb and rice,walks outside,0.0
17485,iams lamb and rice,walks  playing with toys,0.0
17476,iams,running     miles  walks  fetch  playing with other household dogs,1.0
17476,iams,walking  short runs  plays ball  soft frisbee,1.0
17472,iams,walking,0.0
17472,imas,walking,0.0
17472,iams chicken and rice,walking,0.0
17468,low res,walk and play ball,0.0
17468,eucanuba lamb and rice puppy,walk,0.0
17468,eukanuba lamb and rice,walking and playing with dog toys  balls,0.0
17467,iams,walking fetch,1.0
17467,pedigree,walk  run  fetch ,1.0
17467,ian s,walks  fetch,1.0
17466,iams puppy chow,running walking playing,0.0
17466,iams lamb & rice,walks & plays with dogs,0.0
17448,iams,play with ball  walk  tug,0.0
17448,iams lamb meal and rice,walks  playing ball,0.0
17448,wellness adult,playing in fenced backyard  tugging w raiser  long walks hikes  playing ball fetch ,0.0
17444,iams,we walk and play with him ,0.0
17444,iams lamb and rice,walking playing,0.0
17444,iams smart puppy,walking  playing on long line  fetch,0.0
17440,iams,daily inside house play and brief walks   x week vigorous outdoor play,0.0
17440,iams,walking running,0.0
17427,isms,walks playing with other dogs,0.0
17427,iams,walking  playing trips out and about,0.0
17427,iams,play time outside running and   walks,0.0
17414,iams,long line walk or play,1.0
17414,iams,long line walk or play,1.0
17414,iams,walking,1.0
17404,iams lamb and rice,fetch running hiking  walking,0.0
17404,eukanuba,walking  ball fetching  running,0.0
17404,low residue from vet,running  walking  fetch  running up and down steps,0.0
17403,iams lamb & rice,weather permitting       walks daily plus inside playtime,1.0
17403,iams puppy,daily walks  town excursions  indoor play,1.0
17403,iams adult  lamb & rice ,daily walks  town excursions  indoor play,1.0
17401,iams rice and lamb,walking,0.0
17401,imams puppy chow,walks     times a day,0.0
17397,iams proactive healthy puppy,walks and active play in the house,0.0
17382,eukanuba sensitive digestion and purina one puppy,yard play  chasing balls,1.0
17382,purina one smart blend,running  walking  playing,1.0
17382,purina one,retrieving  walking,1.0
17343,iams,pup play walk,1.0
17343,iams,walks or playing,1.0
17343,iams,walking  playing fetch  pup play,1.0
17342,science diet,take walks  play catch with toys  and with other dogs,1.0
17342,science diet,short walks  play with humans and other dogs,1.0
17341,max nutro,walking  running  fetch  in house play,0.0
17341,nutro natural choice adult dog food,ball playing  walking  running  fetch ,0.0
17338,nutro,walks,1.0
17338,nuturo,playing with toys  walking  fetch,1.0
17338,nutro,walks  fetch,1.0
17334,iams adult,daily walks,0.0
17334,prescription id,walking  playing with toys,0.0
17334,iams adult,walks daily and hiking,0.0
17329,iams mini chunks,walking,1.0
17329,iams proactive health adult large breed,walks        playing tug,1.0
17328,iams,play  with other dogs or people   walks,0.0
17288,iam s smart puppy   iam s low residue transition,walks  fetch w balls,0.0
17288,purina one sensitive system salmon & rice,    mile walks  play  off leash running in approved areas,0.0
17276,orijen,walks and fetch with a ball  this way in the park,1.0
17276,orijen,walking for     miles daily  playing  running in fenced in yard,1.0
17273,purina benefil,running  playing  training,1.0
17273,purinia puppy chow,running playing,1.0
17273,beneful transfering over to eagle pack,walking  fetching  tug of war,1.0
17269,iams puppy,fetch  walking,1.0
17269,purina dog chow  green bag ,          mile walks  frisbee  ball  outdoor play with other dogs,1.0
17269,iams lamb & rice,walking     miles day both outside or at the mall  ball playing,1.0
17269,purina dog chow,walking         miles  ball & fetch,1.0
17268,signature,walks plays ball plays with other dogs,0.0
17268,zigniture,hikes  walks playing in the yard  outings,0.0
17268,zigniture,walks plays with ball goes to agway ect,0.0
17262,iams puppy food,running on a log line in the field  fetch  walks,0.0
17262,iams adult large breed,walks  playing with toys,0.0
17262,purina pro plan,chasing toys  fetch  short walks,0.0
17257,iams,walking & playing,1.0
17257,iams chicken,walking & backyard play,1.0
17257,iams puppy,daily walks  backyard play,1.0
17255,iams large breed adult,walks  tug games  fetch,0.0
17255,iams smart puppy large breed,walks  exploring,0.0
17255,iam s large breed adult,play  on leash walking,0.0
17252,iams,dog walks  play,1.0
17252,iams,walk twice per day,1.0
17252,iams,walks swim play,1.0
17249,iams,playing with other family dog  running  walks  games such as  come ,1.0
17249,iams,running  fetch,1.0
17249,iams,running with other dogs  longs walks  fetch,1.0
17243,iams,walk  run,0.0
17243,iams,runs in park  long walks,0.0
17243,iams,walking  running,0.0
17242,the blue buffalo co  chicken brown rice,  mile walk daily play outside and inside,1.0
17242,blue buffalo natural chicken & brown rice,  mile walk each day playing all day with us and our other dog,1.0
17242,blue buffalo adult chicken and brown rice,walking playing in yard,1.0
17233,iams lamb and rice,walks  chases ball  plays fetch  swimming when available,0.0
17233,iams,walks  fetch  swimming,0.0
17233,iams lamb & rice,walking  fetch  tug of war,0.0
17233,iams,walks  chases ball  outside ,0.0
17228,iams smart puppy,fetch  tug of war  walks,0.0
17228,iams smart puppy,play yard  walks  tug of war   ,0.0
17227,iams lamb & rice,walks  runs  playing in yard,1.0
17227,iaams,walks  runs in backyard  training in and outside,1.0
17227,iams puppy,loves to chase football in yard  long walks,1.0
17216,iams,walks,1.0
17216,iams,playing ball,1.0
17205,iams lamb and rice,walking,0.0
17205,iams lamb and rice,walking,0.0
17205,iams lamb and rice,walking  ball  tug  has a lot of energy,0.0
17196,iams lamb and rice adult,walking  fetching  running in tennis courts,1.0
17196,iams lamb and rice adult,walking  running in tennis courts  fetching,1.0
17087,iams puppy,walk  retreive,0.0
17087,ians lamb & chicken,walks  fetch  frisbee catch  swimming,0.0
17087,iams lamb chicken  +,    mi walk  day   chasing ball frisbee,0.0
17082,iams puppy,playing in house and walking,0.0
17082,iams lamb rice,walking and playing,0.0
17082,iams lamb,walking outside  playing fetch inside and out  playing with other dogs my son s and some therapy dogs near my house ,0.0
17060,iams puppy,daily walks and playtime,0.0
17060,iams,walking  fetch,0.0
17060,  health,primarily walking hiking  also dog play fetch frisbee,0.0
17053,iams puppy chow,walks  plays in the yard,1.0
17053,iams,walk and plays in pool  creek  and backyard,1.0
17053,iams,walks at least  x daily,1.0
17052,iams smart puppy,walking  tug and fetch,1.0
17052,iams puppy large breed,walk and fetch,1.0
17052,iams lamb and rice,walk and fetch,1.0
17052,iams puppy,walk  fetch  play with other dog,1.0
17045,natural balance duck and potato,walking     miles  playing fetch,0.0
17040,iams,walk around block  play in snow  play dates,1.0
17040,iams,walks,1.0
17040,iam s puppy chow,walks  fetch in house and tennis court,1.0
17040,iams lamb and rice,walking  playing,1.0
17040,iams lamb and rice,walking  playing,1.0
17037,iams,running  walking  playing,1.0
17037,iams,chase retrieve balls and toys  runs,1.0
17037,iams,fetch  run with other dogs,1.0
17028,iams,walking  running,1.0
17028,iams puppy,daily walks,1.0
17028,iams,walking  playing,1.0
17006,iams puppy food and chicken rice,play and walks  x a day,0.0
17006,natural balance,walks and runs around and plays,0.0
17006,natural balance,all kinds  play walking exposure a small amount of swimming wading up to elbows,0.0
16994,blue buffalo salmon & sweet potato,walks  plays fetch  plays with our other dog jolee,0.0
16994,blue buffalo puppy,walking  fetch  playing with our dog jolee,0.0
16994,blue buffalo salmon,walking  fetch  playing with our released guide,0.0
16990,purina,run or walk  and playing,0.0
16990,iams,walks  plays  runs  chases balls  hikes,0.0
16990,iams,hiking  ball chasing  walks  runs  swims ,0.0
16985,iams,walks  playing with other dog,0.0
16983,iams adult lamb & rice,walks  playing running in fenced yard,1.0
16983,iams adult lamb & rice,walks and running while playing ball,1.0
16983,eukunuba venison and potato,walks  playing running in fenced yard,1.0
16979,purina sensitive skin canidae grain free,   minute walk     daily  running  walking  playing in large enclosed field     daily,0.0
16979,purina sensitive skin and stomach,   minute walk daily and playing in   acre field,0.0
16977,iams puppy chow,long leash chasing ball  swimming  long walks  playing with other dogs puppies,0.0
16960,purina proplan,walking  running  ball playing,0.0
16960,iams,walking  playing  fetching etc  ,0.0
16952,purina puppy chow,training  playing  retrieving  playing in water  walking,0.0
16952,puppy chow,playing  walking,0.0
16952,iams natural chicken,walks  runs in backyard  hiking  swimming,0.0
16952,switching to iams lamb and rice,hike  walks  swim,0.0
16948,fromm,walks  fetch  tug  etc,0.0
16948,iams adult lamb & rice,fetch & walks,0.0
16942,iams puppy chow  switching to iams lamb & rice,running fetching in yard several times a day and shorts walks most days,1.0
16942,iams lamb & rice,walking   running   fetching   hiking,1.0
16942,iams   naturals   lamb & rice,running in yard  walks  brief playtime with neighborhood dogs in enclosed area  outings,1.0
16936,eukanuba,walking  fetch  soccer  kiddie pool  toys and ice  family dog,0.0
16936,eukanuba adult dog food,ball and walking,0.0
16936,eukanuba,long leash walks in field or woods to relax and sniff  short leash walks  fetch and follow me in fenced area  play with family dog  kong or bone chewing ,0.0
16932,iams,swim  frisbee  balls,0.0
16932,iams adult mini chunks,long walks  frisbee  fetch,0.0
16932,iams mini chunks,long walks  fetch with ball and frisbee,0.0
16932,iams mini chunks,long walks  fetch with ball and frisbee,0.0
16932,iams,swim  frisbee  balls,0.0
16929,purina puppy chow,running  playing  swimming,1.0
16929,purina,running  chasing balls  playing with toys,1.0
16929,purina beneful,running  playing  long walks and hikes  swimming when warm,1.0
16927,purina one,running  tug  fetch  chase,0.0
16927,iams,walks  plays with other dogs  fetch,0.0
16927,purina,tug  fetch  walks  run with other dogs,0.0
16921,purina proplan large breed puppy,walking  playing fetch  take it ,0.0
16921,purina proplan,play  walks,0.0
16921,purina pro plan large breed,fetch  playing with other dogs  walking,0.0
16921,purina pro plan,walking  fetch  playing with other dogs,0.0
16921,purina pro plan,fetch  playing with other dogs  walking,0.0
16918,iams puppy,walks and fetch,1.0
16918,iams,walks  runs  loves to play fetch with balls,1.0
16918,iams puppy,walks and fetch,1.0
16918,iams,walking  playing fetch,1.0
16909,purina puppy chow,walking  fetch  swimming,0.0
16909,iams,walks fetch  playing with other dog,0.0
16908,iams lamb & rice,playtime  walks,0.0
16908,iams,walks  play  fetch  with a toy  with another dog  in the kiddie pool ,0.0
16907,iams smart choice puppy,walking  chasing ball,1.0
16907,iams lamb and rice,walks  puppy play with my dog,1.0
16904,iams,walks  play  fetch ,0.0
16904,iams adult,walking,0.0
16904,iams,walking,0.0
16880,iams lamb and rice,walking     mile per day   play time with  family puppy fenced area back yard,0.0
16880,purinia one puppy chow lamb and rice,supervised runs in fenced in pool area  plays fetch  nightly walks ,0.0
16880,royal canin for labs,  mile walk long or short lead & half hour run,0.0
16879,iams,walk,0.0
16879,iams mini chunks,walk,0.0
16877,nutro sensitive skin & stomach   venison & oatmeal,walking  running  playing with household pets,0.0
16876,iams puppy,lots of play   both inside and outside   large fenced in yard   we are outside a lot ,1.0
16876,iams,lots of time outside   fetching   playing in the yard   playing with my dog,1.0
16856,iams puppy,walking  playing fetch  swimming,0.0
16856,iams lamb & rice,walk  fetch  run,0.0
16856,iams lamb & rice,walk  fetch  run,0.0
16833,iams,walking  sometimes meeting with another raiser for play dates,0.0
16833,iams,walking  running after thrown toys,0.0
16833,purina pro plan large breed chicken,walking  ball  play with other dogs,0.0
16833,purina pro plan large breed chicken,walking  ball  play with other dogs,0.0
16833,purina pro plan large breed chicken,walking  ball  play with other dogs,0.0
16820,iams,walking  playing  swimming,1.0
16816,iams,walking and running,1.0
16816,members mark premium,walks  runs,1.0
16815,iams puppy,walk run,1.0
16815,iams pedigree,walking  running  frisbee,1.0
16815,iams,walking  fetch,1.0
16813,canine caviar,walking around neighborhood ball throwing in back yard,0.0
16813,canine caviar,walk on leash   miles day  fetches tennis ball in fenced back yard,0.0
16807,iams puppy lg breed,running  playing with balls  playing with cats,0.0
16804,iams puppy,walking playing  w macy,1.0
16804,iams lamb and rice,backyard play and walks,1.0
16790,wellness adult super mix,walks  play in yard  play dates  trying to get her to retrieve,0.0
16790,wellness adult super mix,walks  play in yard  play dates  trying to get her to retrieve,0.0
16790,wellness super mix,walks  occasional play,0.0
16785,iams red bag,walk and running,1.0
16785,iams,walks   times a day,1.0
16785,iams,walk  run  playdates,1.0
16775,iams,walk run dog play swim,1.0
16775,iams,play dates walk train run,1.0
16775,iams,walks  swims  playdates ,1.0
16772,iams puppychow,daily walks run  play time in apt,0.0
16772,iams,walking,0.0
16772,iams,walking and some play,0.0
16768,iams puppy chow  transitioning to adult food ,walking on a leash around the town  occasional play in a fenced in dog park  with no other dogs ,1.0
16768,iams lamb and rice adult food,walking on a leash around the town  occasional play in a fenced in dog park  with his friend scarlett or alone ,1.0
16768,iams adult lamb and rice,walking,1.0
16767,purina dog chow,walks swims when weather is warm enough  plays with family dog  toy play in yard in house,0.0
16767,purina puppy chow,name call ball fetch play with our dog work?,0.0
16767,purina puppy chow,fetch swimming playing with other raisers pups walks,0.0
16766,natural balance,walking,0.0
16766,natural balance,walking  playing  with pet dog  chasing balls and toys in the house,0.0
16766,iams,walking  play with our pet dog  occasional short running  playing with toys in the house,0.0
16760,iams,running  walking,0.0
16760,iams,walks  fetch  play follow me,0.0
16760,iams,walk  run  fetch,0.0
16745,iams,walks  ball playing  and play time,0.0
16745,iams,walks and play,0.0
16745,iams lb puppy,running  fetching toys  and walking,0.0
16742,iams,i would put her at a norma plus     needs a little more exercise than average pup,1.0
16742,iams low residue,ball playing   also plays with lynn   walks  playing with snake toy and rope toys   retrieving balls and other toys like that ,1.0
16742,iams adult mini chunks,walking  fetch  dog play,1.0
16742,iams adult,walks  ball play  dog play,1.0
16741,iams,walks  playing with toys  hide and seek  fetch  obstacle type course,0.0
16741,iams,back yard ball playing  walks every day  outings usually every day,0.0
16741,iams,walks  ball playing  wading pool,0.0
16740,orijen,play  running outdoors training,1.0
16740,purina one  blend chicken and rice,short spurts of run in neighborhood  high energy play with german step  friend,1.0
16740,iams lamb and rice,playing with kenneth    k     walking ,1.0
16740,iams lamb and rice,play on long lead  fetch   plays in house  nicely,1.0
16740,iams lamb and rice,playing ball  chasing toys  walking    short hikes,1.0
16733,iams,walking and playing,0.0
16733,iams,walking and playing,0.0
16733,iambs,walking and playing,0.0
16730,iams lamb and rice,walk  swm,0.0
16730,iams lamb and rice,walks,0.0
16726,iams mini chunks,fetch  short walks during the day  long walk in the evening,0.0
16719,iams lamb rice,walks  running fetch,0.0
16719,iams puppy,walk house play with & without older dog outside play on lead,0.0
16719,iams adult,walks  play fetch play inside,0.0
16716,iams,play in yard and in house,0.0
16716,purina pro plan   adult large breed,running in yard with other dogs  walking  playing,0.0
16716,purina pro plan,running in the yard  playing ball  etc ,0.0
16712,pinnacle,walk  fetch  house play,0.0
16712,taste of the wild,started a walk jog routine,0.0
16712,iams lamb and rice,daily walks and playing fetch,0.0
16703,iams smart puppy  large breed ,walking  tug o war  playing with family dog  and fetch,1.0
16703,iams,walk daily,1.0
16686,kirkland lamb and rice,daily walks  puppy playtime,1.0
16686,proplan large breed,walks and playing outside,1.0
16686,iams low residue,walks  neighborhood  park play fetch inside and out,1.0
16664,iams,running   walking,1.0
16664,iams lamb & rice,walking   running,1.0
16664,iams puppy chow,walk  run  swim,1.0
16659,purina one adult chicken and rice,walks  runs in yards or tennis courts and in house chasing toys,1.0
16659,iams puppy,running  fetching ball  playdates couple x wk,1.0
16659,purina one healthy weight,runs  loves ball chasing  walks  playing with other dogs,1.0
16649,iams,free play on fenced deck with   other dogs,1.0
16649,iams lamb and rice,walks  fetch  ball playing,1.0
16643,taste of the wild puppy,walks  frisbee  ball  other geb puppy play time,0.0
16643,taste of the wild,walks  ball  toys  swim,0.0
16641,prarie,walks and run through woods,0.0
16641,iams puppy,long walks  free runs in backyard,0.0
16639,kirtland premium adult food  high end store brand from costco  comparable to eukanuba ,walks  games in the yard  tennis courts  swimming,1.0
16639,iams smart puppy,walks  games with balls  toys,1.0
16639,kirtland premium adult food  high end store brand from costco  comparable to eukanuba ,walks  games in the yard  tennis courts  swimming,1.0
16639,kirtland premium adult food,walks  games in the yard & tennis courts  swimming,1.0
16637,beneful,walks  playing with our dogs  playing with balls or rope toys,1.0
16637,beneful,walks and plays with our other dogs,1.0
16637,iams puppy chow,walks and play with us and the our dogs ,1.0
16636,iams smart puppy,walkingon short leash chasing tennis ball on long  leash walking on long leash through the field,1.0
16636,iams,walking  running in field  chasing ball,1.0
16636,iams proactive health large breed,walks on long lead running in fenced in area  playing in the house,1.0
16635,iams,walks  playing with iola  long leash playing in yard,0.0
16635,iams lamb and rice,walking  running  fenced in area   fetching  playing with other dogs,0.0
16635,iams lamb and rice,walking  playing with other dogs  playing in kiddie pool  chasing ball in yard  playdates with other dogs,0.0
16624,iams adult,playing fetch    walks  hikes,0.0
16624,iams,chasing balls   long walks  hikes,0.0
16623,kirkland lamb and rice,walk  ball play,1.0
16623,innova puppy,walking  playing with other dogs  training,1.0
16623,kirkland lamb and rice,walk  ball chasing  swimming  running,1.0
16623,innova puppy,walking  playing with other dogs  training,1.0
16623,kirkland lamb and rice,walk  ball play,1.0
16610,iams lamb and rice,run  walk  play with other dogs,1.0
16608,iams adult,fetching ball,1.0
16608,iams puppy,running back yard catch,1.0
16604,iams puppy chow,fetch  walks  running,0.0
16601,iams puppy,walks in neighborhood  fetch in the house  playing with kids,0.0
16601,iams,walks and play with other dogs,0.0
16599,iams lamb and rice  red bag,runs free in enclosed yard area   to   times per day,0.0
16591,iams,fetch  walking trail hiking,1.0
16591,taste of the wild,running and hiking,1.0
16586,iams,average two walks per day  play in yard,1.0
16586,iams puppy,walk  play in yard,1.0
16586,iams,walking  playing in the backyard,1.0
16585,iams,walks  exposures  play with dog and human,1.0
16585,iams,daily exposures  walks  play with other dog,1.0
16585,iams,daily exposures  walks  play with other dog,1.0
16585,iams,walks  exposures  play with dog and human,1.0
16584,iams smart puppy,walks  x a day play sessions in home and parks,0.0
16584,iams,walks play dates play toys,0.0
16584,iams,walks play  running around,0.0
16583,purina dog chow,play ball  retrieve thrown toys  daily walk s,0.0
16533,science diet puppy,walking playing stair climbing,0.0
16533,science diet,walking long distances playing,0.0
16533,science diet little bites adult,walking  running,0.0
16528,iams,walks and puppy playing,1.0
16528,iams,lots of walks  sometimes plays with other dogs in a fenced area ,1.0
16528,iams smart puppy proactive health,walking and running and playing,1.0
16526,purina,walking & playing in the yard with kids & another dog,1.0
16526,purina,play in the yard with other dog & walks,1.0
16511,blue buffalo,walking about   miles a day,0.0
16511,iams,walks and inclosed no leash running,0.0
16511,blue buffalo,swimming  walking  running,0.0
16485,nutro lamb and rice,walking  playing with dog  working,1.0
16485,nutro lamb and rice,walks and playing with toys,1.0
16464,eukanuba lamb and rice for large breeds,walks  running around,0.0
16464,iams proactive puppy food for large breeds,walks and indoor fetch,0.0
16464,iams proactive lamb and rice,lots of walking and some running,0.0
16457,iams lamb and rice,walks  fetch  tug,1.0
16457,iam s lamb and rice,fetch in the apt  walks  playdates,1.0
16457,iams lamb and rice,walks  plays with liberty  fetch,1.0
16452,iams lamb and rice,daily walks  playtime,1.0
16452,natural choice,  walks at least per day  playing  training,1.0
16420,iams large breed adult,fetch  walk  playing with other dogs,0.0
16420,iams large breed adult,walk  fetch  playing with my other dogs,0.0
16420,iams puppy active large breed,training  walk  playing with my other dog,0.0
16416,purina one smartblend,loose leash walking  playing in fenced area,0.0
16416,purina one puppy,walking  running in back yard  playing with other dogs,0.0
16416,purina one,walking playing in the back yard  play dates,0.0
16413,iams adult,walks at least     miles a day  often more  plays in an enclosed area,1.0
16413,iams adult,walking  playing,1.0
16413,iams,walking  playing training,1.0
16406,eukanuba,walks and with my other dog,0.0
16406,euikinuba,walks everyday and play with my dog,0.0
16406,eukanuba,walks & plays with my dog,0.0
16403,iams lamb and rice  red bag ,daily morning walks  est    miles   play  then afternoon walk and play,1.0
16403,iams,daily walk  play  running,1.0
16402,iams,walks  play time with other dogs ,0.0
16402,iams,walk and play with other dogs,0.0
16402,iams pup,walks  fetch  play with other dogs,0.0
16400,iams lamb and rice,daily walks  outdoor fetch on long line  dog park  playdates in fenced yards,0.0
16400,iams lamb n rice,walk  many steps  plays ball,0.0
16399,iams,running  walking,1.0
16399,purina en  gastroenteric  low residue ,walking and playing,1.0
16358,iams,walking  running in yard,1.0
16358,iams,walking  playing  training,1.0
16358,iams,walks and runs,1.0
16356,iams,walks  stick throw run on long lead,0.0
16356,iams large puppy,playing in yard with toy,0.0
16356,iams,walks  playing in yard,0.0
16351,origin,walks and plays outside with my dog,0.0
16351,origin,plays in yard,0.0
16351,origin,walk,0.0
16327,eukanuba large breed puppy,walking  running  stairs,1.0
16327,eucanuba,walking running chasing toys ,1.0
16327,purina lamb and rice,wallking  running chasing balls,1.0
16313,iams pro active,walks  running in park,1.0
16313,iams pro active,walks  running in the park or in front yard,1.0
16313,iams lamb and rice,walks  running on    ft  lead running in park,1.0
16313,iams lamd and rice,walks  running on    foot leash  walks in park,1.0
16306,nutro natural choice,fetch  walks  playing with other dogs when possible,0.0
16306,nutro natural choice,fetch  walking,0.0
16306,iams,walking  fetch,0.0
16295,iams smart puppy,runs in backyard  chases balls  walks  plays with toys very energetically  trains actively,1.0
16295,iams large breed chunks,walking  playing with toys  fetch  playdates with dog friends,1.0
16295,iams adult large chunk,walking  ball fetching  frisbee fetching  playing with toys,1.0
16286,iams lamb and rice,running  fetch  long recalls  swimming  training sessions and exposures,1.0
16286,iams lamb and rice,running  walking  fetch  swimming  training and exposures,1.0
16286,iams lamb and rice,fetch  running  walks  training  swimming,1.0
16285,iams mini chunks,walking  playing fetch and playing with our released dog,0.0
16285,iams adult,wlaking  fetch  playing with our released dog,0.0
16284,iams puppy chow,play and running,1.0
16284,eukanuba,play  walks,1.0
16284,eukanuba,play and walks,1.0
16281,iams puppy food,fetch we brought a shallow dog pool she likes to play in when we are watching ,1.0
16281,iams adult food,talula gets structured puppy playtime and also is run twenty to thirty minutes every day,1.0
16281,iams adult lamb and rice,walking  playing with other dog,1.0
16281,iams,walking  swimming  fetching,1.0
16280,iams,walks  ball play  play with other family dogs,0.0
16280,iams,walks  runs  plays with our other dogs,0.0
16280,iams lamb and rice,play w  other dogs  walks  fetch,0.0
16266,iaams,plays on long line and i jog with her,1.0
16266,iams,walks  play  runs,1.0
16266,iams,plays on her long line and goes on walks,1.0
16252,iam s,walks and fetching,1.0
16252,iams puppy,walks  running in yard  playing with dog,1.0
16252,iams,walks  plays catch with ball frisbee,1.0
16252,iams,walks  playing catch with ball frisbee,1.0
16250,purina one,walks    miles a  x a week  runs in field daily,1.0
16250,purina one,play in fenced yard  walking in field and neighborhood,1.0
16248,taste of the wild high prairie,walks  runs and trail rides,0.0
16248,taste of the wild high prairie,walks  runs and trail rides,0.0
16246,iams lamb and rice,walking  running  playing with other dogs  fetch  tug,0.0
16246,iams puppy,walking  playing  running  playing with other dogs,0.0
16246,iams lamb and rice,walking  outings  playing with other dogs  fetch and tug of war,0.0
16245,iams lamb and rice,running and playing fetch with her toys,1.0
16245,iams,walks  fetch,1.0
16245,iams lamb and rice,running around in the back yard  and  fetch ,1.0
16242,iams,walking  playing in enclosed yard,0.0
16242,iams,walks in neighborhood  runs in backyard,0.0
16242,iams,two daily walks  leash free play in yard,0.0
16237,iams adult lamb and rice,walks  ball frizbee chasing,1.0
16237,iams adult lamb & rice,walks  fetch,1.0
16237,iams rice & lamb,walks  fetch ,1.0
16236,iams puppy,walks  playing with other dog,1.0
16236,iams green,walks  fetch,1.0
16236,iams green,walking  fetching  running,1.0
16236,iams lamb and rice,playing w newton and me,1.0
16236,iams lamb and rice,walking  playing in yard and garage ,1.0
16228,iams, luna is walked  x a day i also put her on a long leash and take her outside once a day to run play bring back a toy,0.0
16228,iams puppy for large breeds,    min walks a day playing in yard with   other dogs going to playground across street playing with toys that take interaction,0.0
16228,iams rice and lamb,walking running fetching chasing soccer balls,0.0
16227,iams large breed,walks  plays outside  fetch,0.0
16227,iams large breed,fetch  walks  plays outside,0.0
16227,iams large breed,plays in backyard  walks and socialization,0.0
16223,iams lamb and rice,  mile in the morning and evening,0.0
16221,iams smart puppy,fetch  walking and playing in fenced yard,1.0
16221,iams lamb and rice,walks runs in fenced yard  fetch,1.0
16220,iams,three walks daily        min  each time     actively plays with toys and her favorite puppy friend  stella  absolutely loves that !,0.0
16220,iams puppy,three walks daily & actively playing with toys,0.0
16220,iams,usually   walks daily,0.0
16220,iams,usually   walks daily,0.0
16218,iams,walks  plays in yard with raiser  plays with other dog,0.0
16218,iams puppy,playing with other dogs  walks  playing with toys,0.0
16216,iams,walks  x a day  play time in yard or puppy play date,0.0
16216,iams proactive health large breed,fenced back yard  walks in neighborhood  outings  in house play,0.0
16216,purina dog chow,walking  and running around the back yard,0.0
16206,iams,walking,1.0
16206,iams,walk and slow jog,1.0
16206,iams smart puppy,walking,1.0
16204,iams lamb meal and rice,leash walking  practice lessons  play with toys,0.0
16204,iams lamb meal and rice,daily jogging and walking,0.0
16204,iams lamb meal & rice,daily jogging and walking,0.0
16203,canidae,walking running playing,1.0
16203,canidae,walks playing with family dog running,1.0
16202,innova,walking  playing,1.0
16202,candidade,walking and playing,1.0
16202,sdfa,walking and running   lots of tug time,1.0
16192,iams,walks  tug games  stick toss  romps with resident pets,1.0
16192,iams,walks  tug games  stick toss  romps with resident pets,1.0
16192,iams puppy,walks  fetch and tug mainly ,1.0
16188,purina,walk  x to  x day,0.0
16188,iams,  morning walk   approx   miles,0.0
16188,purina proplan,fast walk,0.0
16174,iams lamb and rice,running  walking  free play  doggie games  socialization outings,1.0
16174,iams lamb and rice,walking  free play  hide and seek with raiser for mental stimulation,1.0
16174,iams proactive health smart puppy original,walks  free play,1.0
16171,iams lamb & rice,walking  playing with other dogs,1.0
16171,iams   trans from low res to chicken naturals,walking  playing with other dogs,1.0
16171,iams smart puppy,walking  playing with other dogs,1.0
16166,iams lamb & rice formul,long walks  fetch  stay   recalls  tug of war,0.0
16166,iams lamb & rice,walking  retrieving  swimming  warm weather ,0.0
16166,iams lamb & rice,walking  fetching balls  tug of war  etc,0.0
16159,iam s adult,   running in yard with other dog    going on walks,0.0
16134,iams,walks and play,1.0
16134,iams,walks and play,1.0
16124,iams,daily     mile run      short walks after that,1.0
16124,iams,walking  running,1.0
16106,iams smart puppy,walking  running,1.0
16106,iams large breed proactive health,running outside  going on walks around the neighborhood and stores,1.0
16106,iams smart puppy,walking and playing in yard,1.0
16092,science diet,she goes on long walks daily      times  and plays with toys and balls in the yard ,0.0
16092,high res iams smart puppy,runs in the enclosed yard  walks daily ,0.0
16091,bland diet   potatoes & chicken,walking,0.0
16091,iams vet formula   intestinal plus + pumpkin,walking,0.0
16088,iams adult dog food,walks,1.0
16088,iams,walks and fetch,1.0
16088,iams puppy chow,walks  playing with neighbor s dog,1.0
16087,iams smart puppy,walks and play with my other dog,0.0
16087,iams adult lamb and rice,walk,0.0
16087,iams smart puppy,walks and runs,0.0
16085,i am + natual balance,fast paced walk and or playing fetch,0.0
16085,i ams + natual balance,walking  run & playing fetch,0.0
16084,transitioning from fromm large breed adult to iams lamb and rice,walks  sprints  fetch ,1.0
16084,fromm large breed puppy,play  fetch  walks  dog socialization play dates,1.0
16084,fromm large breed adult,daily walks  between         miles  play with a large variety other dogs     x per week  play with people  daily ,1.0
16083,iams,walks  + miles  chases ball,1.0
16082,iams,walks and fenced yard  play,1.0
16082,iams,fenced back yard and walks,1.0
16082,iams,daily walk and fenced yard play,1.0
16081,iams puppy,walking to class  playing with dog friends  playing with toys,0.0
16081,iams adult,walks  outings  running in yard with other dogs,0.0
16081,iams,playing with other dogs  going for walks  playing with toys,0.0
16075,iams lamb and rice,walking  fetching  swimming,1.0
16068,pedigree adult,walking running,1.0
16068,pedigree,walking  running  playing,1.0
16068,iams & low residue,walks playing w  people & other dogs or puppies,1.0
16065,iams large breed kibble,swimming  when possible   running  fetching,1.0
16065,iam s proactive health,brisk walks  chasing ball off leash most evenings,1.0
16053,iams,playdate s with other dogs  walks after eating  play time with us  swimming on weekends,0.0
16053,blue bufalo,walks  chase ball,0.0
16053,instinct,walking going into city brain games,0.0
16053,instinct,walking going into city brain games,0.0
16051,natural balance bison,walking around city  running in park  playing in park,1.0
16051,iams,playing  walking,1.0
16049,iams  puppy,plays w  other dogs  walks,0.0
16049,california natural lamb and rice and earthborn,plays with another dog  goes on walks,0.0
16049,iam & cal  nat lamb and rice,walking & playing with other dogs,0.0
16048,iams smart puppy for large breeds,walking & playing,0.0
16048,blue buffalo lamb & rice,walking,0.0
16048,blue buffalo chicken large breed,walking & playing,0.0
16048,blue buffalo lamb & rice,walking,0.0
16045,iams adult lamb & rice,walks  play with siblings and other pups in training,1.0
16045,iams lamb and rice adult,walks  free play in secure areas  swims  retrieving balls  tug toys ,1.0
16045,iams,walks running pup play with other dog,1.0
16028,natural balance,walks and dog play,1.0
16028,natural balance,walking and playing w my other dog,1.0
16028,natural balance,walks and playing w our forever dog,1.0
16001,iams,walking   times a day,1.0
16001,iams,walking  times a day    run  and throw a ball in the tennis court,1.0
16001,iams ramb and rice,walking  getting balls,1.0
15999,iams puppy chow   smart dog,walks at shopping centers  churches  parks  road,1.0
15999,iams adult lamb meal and rice red bag,walking  playing fetch  playing tug,1.0
15999,iams adult dog food,walking  retrieving toys,1.0
15999,iam adult dog food,walks  fetch  training,1.0
15988,nature s variety,fetch  walk  play with my dog,0.0
15988,nature s variety,walking  playing with my dog,0.0
15988,nature s variety,walking  playing with my dog,0.0
15987,iams puppy chow,loves to play fetch in the yard  walk and run on leash,0.0
15984,iams puppy food  large breed,walking  running  swimming  playing with toys,0.0
15984,iams proactive health smart puppy large breed,walking  ball playing  yard play,0.0
15966,max lrg brd pup,walking  running  playing fetch,1.0
15959,nature s choice,running and playing,0.0
15959,nuture choice,walking and playing in a fenced yard,0.0
15948,iams lamb & rice,long hikes  swimming,1.0
15948,iams lamb & rice,long walks  swimming,1.0
15948,iams lamb & rice,long walks  playing with balls,1.0
15947,wellness,walking  playing,0.0
15947,wellness core,walking  playing,0.0
15947,wellness puppy,walking  running  playing,0.0
15947,wellness core,playing  walks,0.0
15945,iams smart puppy large breed proactive health,walks  play with toys in yard,1.0
15945,iams,walks and frisbee play in backyard,1.0
15942,iams smart puppy,training walk exercise walk and other dog play,0.0
15942,iams,training walks   times a day  play with family dog,0.0
15942,iams smart puppy,training walk exercise walk and other dog play,0.0
15942,iams,daily walks  play with other dogs  comes with me almost everywhere i go,0.0
15935,iams,walking,1.0
15935,iams puppy,walk  playng ball,1.0
15924,castor & pollux organix puppy fomula   dry puppy food,walks and runs outside  plays fetch with the children and i,0.0
15924,iams,walks swimming dog play,0.0
15924,iams,walks playing with dogs  swimming fetching,0.0
15914,purina one smart blend  lamb & rice,walk run on long lead yard play,1.0
15911,iams adult,daily runs  walks  fetch  swimming  playing with my other dog,0.0
15911,iams adult,running  walks  playing fetch  swimming,0.0
15910,iams,runnign  swimming  playing w dogs  chasing balls  walks on leash,1.0
15908,iams,walking  running,0.0
15908,iams lamb and rice,walking  fetch  long line,0.0
15908,iams adult,walking  long line  fetch,0.0
15908,iams adult regular,walking   running,0.0
15908,iams,walking  running,0.0
15907,blue seal lamb and rice,walking and pup play,0.0
15901,iams,daily walks & play times,0.0
15901,iams,walks  plays with family dog,0.0
15901,iams,walking running,0.0
15901,iams large breed,walks   play in fenced yard,0.0
15898,chicken soup for the dog lovers soul,walks swim ball play play with our released geb dog,0.0
15896,canidae,indoor and outdoor play  i e   fetch  tug of war ,1.0
15896,canidae all stages,indoor and outdoor play  i e   fetch  tug of war ,1.0
15886,canidae,goes on a walk almost every day  plays in the snow with our other dogs ,0.0
15886,canidae,he goes for a     mile walk every day and plays off an on throughout the day with our dogs inside and in our fenced in yard ,0.0
15886,canidae,plays pretty much all day with my dog  runs around the fenced in yard and goes for a   mile walk,0.0
15875,iams,walk  run  play with humans and dogs,1.0
15875,iams proactive,walking  running  play with other dogs,1.0
15875,iams,walking  running  play with other dogs,1.0
15870,iams lamb & rice,walks  playing outside and other dog in house,0.0
15869,iams smart puppy,walking  playing in enclosed pen,0.0
15869,iams smart puppy,walking  playing in enclosed pen,0.0
15869,iams lamb & ruce,walking  palying fetch,0.0
15869,iams lamb & rice,walking  fetch  running playing in    x   pen,0.0
15867,iams adult,walks  run in yard  play with my dog,1.0
15867,iams,walking,1.0
15865,iams,daily walks  plays with other dog,1.0
15865,iams,daily walks  plays with other dog,1.0
15856,nutro max lamb and rice,walks  plays ball with us  plays with our other dog,1.0
15854,iams,walks and playing fetch,0.0
15854,iams,walks and runs in yard,0.0
15854,iams,walks  run and fetch,0.0
15853,iams,pool time walks  fetch,1.0
15853,iams,fetch  walks,1.0
15848,iams,walking  playing fetch  outdoor recalls,0.0
15848,iams,walking  playing fetch  outdoor recalls,0.0
15848,iams,walking  playing fetch  outdoor recalls,0.0
15845,iams,walking playing,1.0
15839,iams adult  green bag ,walks  fetch  swimming,0.0
15839,iams & merrick,walks  jogs around block with kids  fetch,0.0
15838,iams,walks  playing with toys,0.0
15838,iams large breed puppy,walks  ball throwing,0.0
15838,iams puppy,walks  ball throwing,0.0
15838,iams large breed puppy,play time  walks,0.0
15838,iams large breed,walks  ball tossing,0.0
15813,purina   large breed adult,walking  playing with released geb dog and other dogs in the program,0.0
15813,iams puppy,walking  playing with pet dog  playing fetch,0.0
15813,purina   large breed adult,walking  playing w released geb dog  verdell   playdates  training,0.0
15812,iams,walking and runs everyday,0.0
15812,iams,walks  runs  outings,0.0
15811,iams,play  fetch and walking,0.0
15811,iams,fetch and playing with other dogs,0.0
15811,iams puppy,play with raisers and released geb dog jag  she also gets weekly play time with other geb dogs,0.0
15804,iams,walks  ball & frisbee chasing,0.0
15804,iams,walks  frisbee,0.0
15799,purina one chicken and rice,walks  playing with other pups  loves to fetch  playing in pool,1.0
15799,purina chicken and rice,      mi walk daily  play with other dogs,1.0
15799,purina chicken and rice,  miles of walking each day  playing with other dogs in the back yard,1.0
15799,low res and iams puppy,running  playing with other dogs  playing in pool  short walks,1.0
15763,iams adult food,fetch  walking,1.0
15763,iams large breed,walks  fetch,1.0
15760,iams adult,walking  playing with other dogs,1.0
15760,iams puppy food,walking playing fetch and tug,1.0
15760,iams adult,walks  running in yard,1.0
15757,merrick turducken,playing & walking,1.0
15755,iams lamb & rice,walking  jogging with me  chasing toys,1.0
15734,iams,walk & play,0.0
15730,iams lamb & rice adult,walking and playing,0.0
15730,iams adult lamb and rice,walking,0.0
15730,iams lamb and rice,walk,0.0
15730,iams adult lamb and rice,walking,0.0
15729,iams   red bag ,walks runs puppy playdates,0.0
15729,iams red bag,walking  running swimming with other geb dogs,0.0
15714,regal sensibites,long walks  play with nick and  betsy,0.0
15714,regal sensibites,long walks  play with nick and betsy,0.0
15712,iams adult lamb and rice,walk  running after ball in yard,0.0
15709,iams lamb and rice,walks  frisbee,0.0
15709,iams lamb & rice,running in yard  tug of war  fetch with ball frisbee  walks though a bit difficult on those,0.0
15708,iams,walks and playing fetch,0.0
15708,iams,walk,0.0
15702,iams,walks and play with my dog,1.0
15700,purina,walks and play time,1.0
15700,purina,walks and ball play,1.0
15700,purina,play time and wlaks,1.0
15698,iams puppy,llw  fetch  swimming  etc   ,1.0
15696,iams lamb & rice      red bag,walks  play ball  frisbee   backyard running ,0.0
15696,iams,walks  free running in backyard ,0.0
15693,iams,walking  fetching running,1.0
15693,iams lamb and rice,walking  fetching,1.0
15659,wellness adult,walking  playing in backyard  playing with another pup  games in the house,0.0
15659,wellness original adult,walks  fetch  dog play  run in yard,0.0
15659,iams puppy chow,indoor play,0.0
15659,iams proactive adult,walks  fetch  playtime with other dogs  backyard exploration,0.0
15634,taste of the wild,walks runs,1.0
15634,purina puppy pro large breed,run in park  walks,1.0
15634,taste of the wild,walks,1.0
15634,taste of the wild,walk run,1.0
15634,taste of the wild,tires in the heat,1.0
15629,iams puppy,walking on sidewalk and running free in fenced back yard,0.0
15629,iams adult,long trail walks  ball playing swimming,0.0
15629,iams lamb & rice,trail walks  swimming  playing ball,0.0
15627,fromm family foods,highly excitable  lots of energy,0.0
15627,fromm family foods,playing follow me in the park  playing fetch      walks a day  ~     mile ,0.0
15627,fromm family foods,play in yard  fetch follow me  walk,0.0
15627,fromm family foods,  walks day  ~  mins  each   free play    minutes  ~  training session  ~   min  each ,0.0
15625,purina,play  walks,1.0
15625,blue buffalo large breed puppy food,walking  playing with other dogs,1.0
15625,blue buffalo large breed adult food,walking  playing with other dogs,1.0
15590,iams puppy and taste of the wild,daily walks and puppy play with other dog in house and co worker s puppy at work during lunch,1.0
15590,taste of the wild,daily walks and play time with other   legged friends,1.0
15586,nature s select chicken  lamb  and rice,walks  fetch  soccer  follow me,0.0
15586,iams minichunks,walking  playing fetch  running with other pups,0.0
15586,iams,fetch  playing with toys  running outside off leash in fenced in backyard,0.0
15586,iams  minichunks,fetch  chasing ball  hide and go seek,0.0
15584,iams puppy probiotic,llw  recall  follow me  exploring on leash  playtime ,1.0
15584,iams,llw  long line  free play  training ,1.0
15584,iams,walking,1.0
15574,iams,walks free run in fenced in area to play,0.0
15574,iams,walks  playing fetch outside playing with other dogs,0.0
15574,iams,walks,0.0
15573,regal,fetch  walks  playing with other dogs,1.0
15573,regal,walk  run  fetch  play with other dogs  train,1.0
15573,regal,walk run chewing fetch play in pool plays with other dogs,1.0
15566,iams puppy,walking   running  training  playing  and fetch,1.0
15566,healthwise chicken and oatmeal,walking  running  fetch  playing with other dogs,1.0
15566,health wise chicken and oatmeal,walks  play in backyard ,1.0
15559,iams,daily walks,1.0
15536,california natural   purina pro plan mixed,walking  running playing  swimming,1.0
15536,iams,walks  playing fetch  running around yard,1.0
15536,iams,walks  swimming  fetch,1.0
15522,blue seal natural   ,walks play w family dog swims,1.0
15522,blue seal,walks and runs and plays with our   year old lab,1.0
15522,blue seal   ,we walk her and she plays with our other dog  sometimes she runs around outside in the yard,1.0
15507,iams,walks at stores at least once a day  and walks around neighborhood and yard  at least   or   times a day ,1.0
15507,iams puppy food,brisk walks around neighborhood  at least  xs per day  outings at least once a day  everyday,1.0
15507,iams puppy food,lots of time outside  getting busy  training  at least one long walk per day  plays ball  chases toys ,1.0
15458,iams puppy chow,walking  playing fetch  free running in yard,0.0
15458,iams lamb and rice,playing with other dog  running in backyard  fetching tennis ball  swimming in lake,0.0
15458,iams lamb and rice,running with other dog  fetching  playing with toys,0.0
15457,iams lamb and rice,walking  hiking  light jogging  puppy play on the beach,1.0
15457,iams lamb and rice,walking playing hiking swimming,1.0
15457,iams,walking   a little hiking   playing,1.0
15457,iams lamb and rice,walking  hiking  light jogging  puppy play  fetch,1.0
15454,iams smart puppy  switching to adult with next purchase ,walks  runs in back yard,1.0
15454,iams proactive lamb meal and rice,walks  run in yard,1.0
15454,iams proactive lamb meal and rice,walks and play time in the fenced yard,1.0
15446,nutro chicken and oatmeal,walk  hike  tennis court and backyard free play,1.0
15446,iams pupppy large breed,walks  running around yard,1.0
15446,chicken and oatmeal nutro,hiking  swimming in creeks  lots of walk and running in backyard,1.0
15445,iams,walking  ball chasing,1.0
15445,iams large breed,avg    miles loose leash walking per day,1.0
15445,iams,neighborhood walks  supervised backyard,1.0
15393,iams,soccer  fetch  come from distances  etc ,0.0
15393,iams,runs  homework  walks  come from distance  soccer  etc ,0.0
15393,iams,walks  fetch  comes from a distance  ball playing,0.0
15393,low residue  from geb ,walking a few blocks  playing,0.0
15393,iams smart puppy,walks  backyard play  field trips  practice comes from a distance  etc ,0.0
15037,iams adult,walking  playing ball  playing with other puppy,1.0
15037,iam lamb and rice,long lead walk and or fetch,1.0
15037,blue seal pork & barley,walking  fetching  playing w other dogs,1.0
